subreddit,token
cryptocurrency,xMOON
Bitcoin,BTC
dogecoin,DOGE
ethtrader,ETH
cardano,ADA
SHIBArmy,SHIB
litecoin,LTC
XRP,XRP
SafeMoon,SAFEMOON
Monero,XMR
Vechain,VET
Stellar,XLM
solana,SOL
Iota,MIOTA
Tronix,TRX
nanocurrency,XNO
kucoin,KCS
NEO,NEO
loopringorg,LOOP
AxieInfinity,AXS
HeliumNetwork,HNT
eos,EOS
Bitcoincash,BCH
BATProject,BAT
decentraland,MANA
terraluna,LUNC
pancakeswap,CAKE
Polkadot,DOT
Chainlink,LINK
algorand,ALGO
cosmosnetwork,ATOM
tezos,XTZ
EthereumClassic,ETC
Ravencoin,RVN
UniSwap,UNI
Wavesplatform,WAVES
banano,BAN
harmony_one,ONE
dogelon,ELON
chia,XCH
EnjinCoin,ENJ
StepN,STEPN
amptoken,AMP
dashpay,DASH
zilliqa,ZIL
Avax,AVAX
FantomFoundation,FTM
BittorrentToken,BTT
helloicon,ICX
MakerDAO,DAI
MakerDAO,MKR
aelfofficial,ELF
Nexo,NEXO
GateioExchange,GT
cro,CRO
theta_network,THETA
chiliZ,CHZ
dfinity,ICP
holochain,HOT
Hedera,HBAR
ArkEcosystem,ARK
nem,NEM
zec,ZEC
thegraph,GRT
OntologyNetwork,ONG
Gemini,GUSD
ergonauts,ERG
polygonnetwork,MATIC
NervosNetwork,CKB
qtum,QTUM
TheSandboxGaming,SAND
elrondnetwork,EGLD
filecoin,FIL
kadena,KDA
QuantNetwork,QNT
MinaProtocol,MINA
HuobiGlobal,HT
decred,DCR
Kusama,KSM
THORChain,RUNE
nearprotocol,NEAR
Tether,USDT
Compound,COMP
xinfin,XDC
1inch,1INCH
apecoins,APE
stacks,STX
OMGnetwork,OMG
ProtonChain,XPR
ecash,XEC
bitcoinsv,BSV
Arweave,AR
BitcoinGoldHQ,BTG
aragonproject,ANT
USDC,USDC
GALACOIN,GALA
gnosisPM,GNO
CeloHQ,CELO
FlowBlockchain,FLOW
kavalabs,KAVA
TrustToken,TUSD
OKX,OKB
klaytn,KLAY
CurveDAO,CRV
ConvexFinance,CVX
PAXG,PAXG
WrappedBitcoin,WBTC
